project,merge commit,filter reason
voldemort,4b6f1ffadde98e445ea4d991e238052b96dd0925,no mutually modified static blocks
voldemort,3787b4fc83fe68151e301dcdbd4e366dbfbe35e1,no mutually modified static blocks
voldemort,c7b4c1b8b6179d0f198515c26137ddea5dcdc411,no mutually modified static blocks
voldemort,74b2c0992574a78da529452add9aa56fd7da36b2,no mutually modified static blocks
voldemort,aa11fd1442cb04cb467261ac0e74dbeaedf4c8d7,no mutually modified static blocks
voldemort,5b09c8e744c3d29675a3e5d1916aa34199d716d8,no mutually modified static blocks
voldemort,d53d53446d7d8f4bb2bb64805c17f437c170b958,no mutually modified static blocks
voldemort,b30fdfebe30c9b6e37b9fbc3fec0ff74cd19f997,no mutually modified static blocks
voldemort,64c90eb8434978a398565ecbf578055c71e0dd1f,no mutually modified static blocks
voldemort,d8068f39df3292bd3f9549d47b9deda3d2ffd979,no mutually modified static blocks
voldemort,d1926e511f55dfc51027307b0b46dcb786cc4c3a,no mutually modified static blocks
voldemort,9c668066bb008104302fba1acc6b8adc1fc690ae,no mutually modified static blocks
voldemort,678ba81d0082692f579660cea2eec9ae3c852000,no mutually modified static blocks
voldemort,6faa89972cfe657e326801099fe923bc1e57cf8e,no mutually modified static blocks
voldemort,bc10986c516b420dbdf35f03e1a0c898cc4a185a,no mutually modified static blocks
voldemort,9c87ad83de4c9092960f9f5c657629f37e81cce1,no mutually modified static blocks
voldemort,4cc1c145819030c8e2baffe4c92383de14b8d880,no mutually modified static blocks
voldemort,dc509682de85d30866f2ee9baf2f876602e96004,no mutually modified static blocks
voldemort,98cd4113027db21e2c72c582e5c875c3e115341f,no mutually modified static blocks
voldemort,9202548d54c58901bd3afa4e64b2401d411ddd36,no mutually modified static blocks
voldemort,df46fdcd58d4865b2b95fd899440dd31d99b3b98,no mutually modified static blocks
voldemort,aa51b0bd36d8a016fbf5be9244a8ba28b1b64fe8,no mutually modified static blocks
voldemort,050ec929eb6f606957360ec06713e3d3138d2a04,no mutually modified static blocks
voldemort,037a0dcf6116475b7d145a44b487b6cb0d31147b,no mutually modified static blocks
voldemort,5f0cd8bf4c10bbe55f0b7af4ef160e0831bb37c0,no mutually modified static blocks
voldemort,1592db01ad41a819b88d2ca4092151cec0fd6c11,no mutually modified static blocks
voldemort,495a23425cc6baaab91c9a057da6bda190a0f129,no mutually modified static blocks
voldemort,ca08a06d8892162fb40dbadc58e7966d80f02047,no mutually modified static blocks
voldemort,a754f35130974b016240a8f7c4c6931de414d277,no mutually modified static blocks
voldemort,46df86e433a53e8391c7942be377e6c102970ee5,no mutually modified static blocks
voldemort,f1f485312631454791fc1a36896ddc50b160e836,no mutually modified static blocks
voldemort,e55cf7927d3a305817a1b5b2b56b1a773f553f78,no mutually modified static blocks
voldemort,cf0f0c586a07947ec0766f1f3b91cb3b846efa1d,no mutually modified static blocks
voldemort,27387e047883d547b419723b7adbd89af81159b3,no mutually modified static blocks
voldemort,4e31f7430b83f2527fe94c4f184e93c9c9a5f2ba,no mutually modified static blocks
voldemort,e8125ef3e49366c269aa978a054fda2ae4a7c50d,no mutually modified static blocks
voldemort,b1363b2b63219a0cb71d67e6f2549cb46f484593,no mutually modified static blocks
voldemort,216bc4b172b31b1be455f37b36bf13032e5d9a6d,no mutually modified static blocks
voldemort,583a7bd5851c7915dd6143150bb4caf21495e9c8,no mutually modified static blocks
voldemort,0d5a96d4e02df8110da9d96ecab0784a3ee19e7d,no mutually modified static blocks
voldemort,0ec00a1822a9d65b331c27e560896c59c9fde559,no mutually modified static blocks
voldemort,527bf869e5d9197fcd0dc7bb97d8d32e3141ed7a,no mutually modified static blocks
voldemort,a3f45dfaf507a1e1068745bc041b969426627280,no mutually modified static blocks
voldemort,36016bcd71a28ea099735e009a742a2681f18f2c,no mutually modified static blocks
voldemort,6f63a3e274a75a553595d787b3e11f6ef19e573b,no mutually modified static blocks
voldemort,a569a2ad2f5d9d7fdc19889a94ea6c1b2578339a,no mutually modified static blocks
voldemort,83588886e9ced07538da76340feabfd9172b8312,no mutually modified static blocks
voldemort,d5c048b3611ccac863b09f1c1433d0026748e77a,no mutually modified static blocks
voldemort,58ab1dc5d6960c73d8d75ceb41fec1c594c5c0b5,no mutually modified static blocks
voldemort,b762a8070e5dc7e101b20186429525e00bdd2711,no mutually modified static blocks
voldemort,eaf9b6f38f4c8a8868c6258017658c300513fe1e,no mutually modified static blocks
voldemort,90cd6a8f5ff49005cfcc3ca8c38b42bd353b04b1,no mutually modified static blocks
voldemort,9bbe12a2c8f40f9ad579ae7273b5a9673b0595cb,no mutually modified static blocks
voldemort,d8c9353d71b7d0966d57702e2f03d17d693b6778,no mutually modified static blocks
voldemort,c6d419a3bb63390f9aef6f85b262b4f30e426eac,no mutually modified static blocks
voldemort,f73707a351144d5edb87a282e6d626af1b655e9b,no mutually modified static blocks
voldemort,9bda8f0edb48f46e85615715b91ec4f42e7721ab,no mutually modified static blocks
voldemort,6644d3273b1d64947472df203cd2bbd532a53f5b,no mutually modified static blocks
voldemort,28e19b2ea11069fd094cd7de8865114c7e40b295,no mutually modified static blocks
voldemort,044e96faa78a0bff7dd95bb72482e42cdf599f67,no mutually modified static blocks
voldemort,de7cae0229e83c33111d579797192d2dd55b80a8,no mutually modified static blocks
voldemort,9065ec10b35e4ccf5b67eca18b5b2c91066e7f46,no mutually modified static blocks
voldemort,99e720748415b55fd2e789c57483b434880d7c75,no mutually modified static blocks
voldemort,3b4dd8dfacac70835c751cc57bda1d9c39f84a20,no mutually modified static blocks
voldemort,25800b844bf40082243e6aec27fbe5bbd2d5756b,no mutually modified static blocks
voldemort,f0f2ac8693bb2c092be6c13a916dec444b35907e,no mutually modified static blocks
voldemort,7ee12b1482989ecf66b6464fc1129b89f091ffe9,no mutually modified static blocks
voldemort,cbc5e383f156c1ab703750e951663f67fce353c3,no mutually modified static blocks
voldemort,95e0c8681a4f3377e1d229d46b7aef8e57994ac0,no mutually modified static blocks
voldemort,d8787c47905ad11c8b53e6dcf69a226c3eecc22f,no mutually modified static blocks
voldemort,7a7c8fbc84f71a35c5170f553131d2ff6c40e9b8,no mutually modified static blocks
voldemort,0b15452f05d61378ff6b069edd74e83dac47f0e1,no mutually modified static blocks
voldemort,a368b2e49fce4c672f9f3dd2d1b51efdd7a6b76c,no mutually modified static blocks
voldemort,62a5878747b54d3b978ad373a32004c49176888a,no mutually modified static blocks
voldemort,5f7dfa8d677ef4542f1c2f946cd1024cfa8f9643,no mutually modified static blocks
voldemort,a11c4f93b947c114c503671e9ff4ee7727f3b9f8,no mutually modified static blocks
voldemort,79b44b740ed0e51b04d4a58c35efd5eccdc7ace3,no mutually modified static blocks
voldemort,03c486f670b1337863f59b2bdd5c5775ea555e23,no mutually modified static blocks
voldemort,9f793ee0d1f8ed8c7b27e4ebbf03269e28f60e79,no mutually modified static blocks
voldemort,784e76996cb8fd9157a9ef33816e814ab873e61c,no mutually modified static blocks
voldemort,db5340d25ad1ed997dd974735820829db2d75adc,no mutually modified static blocks
voldemort,c443c10091ef33d37f22ad57364d7f33f9e5cee1,no mutually modified static blocks
voldemort,84ced2f1792fa11ea198d564b696aed34967ecac,no mutually modified static blocks
voldemort,804249d388ae4b10b4d21787fc5ddb7b504c91b0,no mutually modified static blocks
voldemort,16db905368f858e336b5092fad463c77073df5ca,no mutually modified static blocks
voldemort,84d42054691db08e03045c5afeec9e31227c27cb,no mutually modified static blocks
voldemort,f7569b15589b472ee67b29e2d21702c6b2a48245,no mutually modified static blocks
voldemort,e8f76ee4e08d65df9b160a8e5f0a1a16927f0816,no mutually modified static blocks
voldemort,8e6d7664a66f26a593a8c58caaf35c8cc1afa6bc,no mutually modified static blocks
voldemort,8efee8af2ebf1db74aa2c7ec22a8ab7106aedd22,no mutually modified static blocks
voldemort,97289e6a7930302ef6a77937ba943748d2171db9,no mutually modified static blocks
voldemort,266221ce339ed065f06ffd0c6eee17a8079edf94,no mutually modified static blocks
voldemort,90c0b5ff8c07ad75a5bce790a2392a944644b41d,no mutually modified static blocks
voldemort,41bf1dbc5482de812a69ee5511a8271dc9e51751,no mutually modified static blocks
voldemort,eb5d559c0887281a6a5ae2d7af717adac00bde1a,no mutually modified static blocks
voldemort,abfe4065676d6bd4fbea9209db0253d274d46345,no mutually modified static blocks
voldemort,8c6d25d64ba1f090a0eac772ed636b7e6d12ff7f,no mutually modified static blocks
voldemort,c94b8c5ced0495c9c79c453d0bb9733bbf657a2c,no mutually modified static blocks
voldemort,a23595662b473a10e7160ee492fad231c99d7cab,no mutually modified static blocks
voldemort,c2ee34404f9f7320942e89c9dfb5372fc6e6c5dc,no mutually modified static blocks
voldemort,8b961a7f6e70c02cc6edb8a7ac05ba9db79bc066,no mutually modified static blocks
voldemort,82072ac24ccd907f74147de42811037e467a039a,no mutually modified static blocks
voldemort,be12a285a740b92c9b1f0e60aafc225e2f4b7076,no mutually modified static blocks
voldemort,a86a9e5a05cb8afbe94bbd0eb23999e39508b8a8,no mutually modified static blocks
voldemort,5e7ef39f167cff3a409b37aec4d11ddb5d896599,no mutually modified static blocks
voldemort,c8dcd820a726f0885ed4bb700b56142e2195b5bf,no mutually modified static blocks
voldemort,1935c6539d40aafc29a84b2a03655c99d0885bb5,no mutually modified static blocks
voldemort,b8f0be4bb762a59fa15c1b2d2ef45bb09c14f6f9,no mutually modified static blocks
voldemort,a95260a15ca55d3f57bd2b4e9fde650d59316870,no mutually modified static blocks
voldemort,1b895b2c696d67cdca05fb34125b6f90405d906c,no mutually modified static blocks
voldemort,0aa7f4273115593d1ecd08d85be757b3dde75c8d,no mutually modified static blocks
voldemort,b687f0229102fa8893ac4d6d6b84ca0f33c7fbfd,no mutually modified static blocks
voldemort,35a887e751042e6661d2cb7db126f12086aa6c88,no mutually modified static blocks
voldemort,3fbef943c69a4168e1e7690b3c080a5d7a9046ed,no mutually modified static blocks
voldemort,ea0c80bc8005d92bab5a72a794d99cff57d9d995,no mutually modified static blocks
voldemort,39898c14da6b6f6385849800c7c5df09855036d8,no mutually modified static blocks
voldemort,81879097b3f07fb16c68b821528b21fbd79dc293,no mutually modified static blocks
voldemort,f23e641f8ea3495cafae6cd46d08610458f72174,no mutually modified static blocks
voldemort,fbae492ce7e51a21d7a42da0695b17a7a3d32521,no mutually modified static blocks
voldemort,9bb1704a6f1ec6be1fbf0a05626c6f62de79e409,no mutually modified static blocks
voldemort,b3e72124eacbf68d2b2070c04e755ca6e6bbc4a9,no mutually modified static blocks
voldemort,c709be8f0ef5ec3babb0d68f6ab5c111d73640a4,no mutually modified static blocks
voldemort,e7c7b7964322e514230a8939d0565e22fa2a0017,no mutually modified static blocks
voldemort,dc19e82b62cbb15ae91ad8575702a12f93a32d5c,no mutually modified static blocks
voldemort,056d93c1b5487020e0a467c3a02371b29f73c339,no mutually modified static blocks
voldemort,a1873ab624f024869b88b12c76321d97cf94d0c9,no mutually modified static blocks
voldemort,f269819c1f4b7054707c09286358c34b49b73516,no mutually modified static blocks
voldemort,34c9c1d03ff0e1e0cf990b73534ce9f47af2f2b0,no mutually modified static blocks
voldemort,4957e952aaf836b9eda3f178de348380c7d9be0c,no mutually modified static blocks
voldemort,3481e4c85827a98026c9d80d4d74efa3cb90c703,no mutually modified static blocks
voldemort,a871824d23e054cfb4722e0ae8587e372f567427,no mutually modified static blocks
voldemort,f4edf7e31ec9dfd64cc37466f4629a29708e907d,no mutually modified static blocks
voldemort,667da20ab607dd8ad146e3ec4b9a46d408eff98e,no mutually modified static blocks
voldemort,ba1eaa96f9dae30bdd14ae99fc5468d3d6dfb877,no mutually modified static blocks
voldemort,958f8cb642db40051a58f194757182ff00f4a714,no mutually modified static blocks
voldemort,de2f94dc9ae2f2fc31e153220c5d8ab22e156922,no mutually modified static blocks
voldemort,8e088b98d72838606656cd543dfe74f157fe0d7b,no mutually modified static blocks
voldemort,a1fa2f643e9bfff7971e74c70de9557d0fdcdc23,no mutually modified static blocks
voldemort,e5e5a2e16350bbb661e22678f103121c7f920a07,no mutually modified static blocks
voldemort,0f5c074994e40b489f92f251f739a34918649805,no mutually modified static blocks
voldemort,700117ff82f18bfe5302ce356a136722b82af745,no mutually modified static blocks
voldemort,aee112d9ef0ed960c7bc9955d7e85e6ed6ac91a0,no mutually modified static blocks
voldemort,ce113eec31ce359ad224c3306659ac16fe96a3c6,no mutually modified static blocks
voldemort,390f9a5558f2bbc3a034065ad083a3a897a56d57,no mutually modified static blocks
voldemort,6a88af261391b1b93025d1cf9839d76c88b1b78a,no mutually modified static blocks
voldemort,a01e4deec732fcf31546853898cf73c6d1bd3632,no mutually modified static blocks
voldemort,deeff41e366d101f42a28d355d056d24c3264a75,no mutually modified static blocks
voldemort,a0ea68096ed24163aae5dd8149219449056a4182,no mutually modified static blocks
voldemort,e8ec37b8db1f5067056ac2fafd797be2d0003a6d,no mutually modified static blocks
voldemort,2633ab482f09907b2f2564c595693d241c75301b,no mutually modified static blocks
voldemort,c5c24d75ec20b8457e03f2fe50d7fbb9eb20b64d,no mutually modified static blocks
voldemort,02342be701e9bec1ab38be71107c21fd2107350c,no mutually modified static blocks
voldemort,6c1d6ccf2ae983e2788ee388da5cf9dbb10fddf3,no mutually modified static blocks
voldemort,d92108cdd255991b17dfd858ee220ecf8eaab556,no mutually modified static blocks
voldemort,c856bb0819594cc9ff0227123d65e2b3b016b0c7,no mutually modified static blocks
voldemort,31573577a702a7cff6c387ab7d6958e3de4a8965,no mutually modified static blocks
voldemort,5c76a5a0c582ab724db5ecd6941c155da776e800,no mutually modified static blocks
voldemort,f8d4cc200995ba30f8c6caff7f770841a2b58c85,no mutually modified static blocks
voldemort,70fcfd8688fae877e7dbf876dba9c54cbddf06f6,no mutually modified static blocks
voldemort,50f243fb50086f2b0c20e3b3c27bc599fbd9cb74,no mutually modified static blocks
voldemort,c3972b6ab375dba5a4cea2876738e3db9492cbbf,no mutually modified static blocks
voldemort,e03c9891df4d93dd94d53b99e64cec15a6f95eb8,no mutually modified static blocks
voldemort,d2687eb24a03f2e6e72dc964437fd8fbb5bcd837,no mutually modified static blocks
voldemort,bf93459a838ef85f49ca91564ef61447220c1ca2,no mutually modified static blocks
voldemort,77f7075085932c2b0b4109217495466db53f1c55,no mutually modified static blocks
voldemort,0a04cf95879a2a357c9ba1795b327f7942b2ccc0,no mutually modified static blocks
voldemort,cbc356df04fbef91b6ca0483bdf876e07065a96c,no mutually modified static blocks
voldemort,10ca233c3df0fa03d86f953c13503a27026391ca,no mutually modified static blocks
voldemort,a5ddeb7e265f3b83d6f2d9eebe62608a0bdbf1a7,no mutually modified static blocks
voldemort,3b1167429f956d7a18434ac18398d949dfffaa5f,no mutually modified static blocks
voldemort,66f5a7967e29bff8bae3aefe70285a600e1e2f47,no mutually modified static blocks
voldemort,cc8c363437f74d14500b56d8dc7e88913fe5c80b,no mutually modified static blocks
voldemort,b2be54fc960d1ffdee56b32a779207376dd2adf5,no mutually modified static blocks
voldemort,8b71751962b185f13090efb520efdfdfb93da3c9,no mutually modified static blocks
voldemort,2cc78399e6a3a2ed3c870cf28da4a90d0333ebad,no mutually modified static blocks
voldemort,2150b1d6d89ae91e85a3e85d4452a369a8e214fe,no mutually modified static blocks
voldemort,e8fabf34e12c5364452e985cae151c2f941a135a,no mutually modified static blocks
voldemort,f5628c4d35434f42379bc9c8cd57907c2c6cb26f,no mutually modified static blocks
voldemort,c3cda506b04af213b7b5e4066d006ae3df3ea207,no mutually modified static blocks
voldemort,2c462cebdf47933afe48bef56e787c0c92349039,no mutually modified static blocks
voldemort,a69271a3883991282937eaed70486986fc2ed5b8,no mutually modified static blocks
voldemort,2ac361e5caf6843fecd1fcc2aac42affb40f8886,no mutually modified static blocks
voldemort,02420ab2e76d0d1aeda60a762ee3256ebf51bcfd,no mutually modified static blocks
voldemort,c3b8777e5efb1bd7c52964903d20fd8076fc0de7,no mutually modified static blocks
voldemort,9ed2ae80ee6bd6c9f0260f262937f4fbff8e61b1,no mutually modified static blocks
voldemort,2f32c9ac8939bb3fb285824fb984127e23b01435,no mutually modified static blocks
voldemort,69ae69e896350d636770dedc404f76f9a433c238,no mutually modified static blocks
voldemort,2423a4ebb810f85ffa7062a3b18ab1f90f94b708,no mutually modified static blocks
voldemort,7e589d7585302e2279eaf1c098548e9bc6ba771f,no mutually modified static blocks
voldemort,5f7757a13757f0f2e65479667d9e7d013f8d9990,no mutually modified static blocks
voldemort,f299001fb82cdf817e4c64e79b2c9c847099dc2c,no mutually modified static blocks
voldemort,f2e82d408c1294144931a37bef70ac4f7982f2f3,no mutually modified static blocks
voldemort,65b484f6ed25d0271b4df4dde869524890288128,no mutually modified static blocks
voldemort,946e042a4fe3b1cea16095f4bf216a8968fe8140,no mutually modified static blocks
voldemort,247b6a3c55623bc070b8cc34f9441537c9aa5860,no mutually modified static blocks
voldemort,b648fbadb7de13323256dca3f09d75f71bad3ded,no mutually modified static blocks
voldemort,ee0c4750113e19449a0627a10bcb37e36480311a,no mutually modified static blocks
voldemort,5608a20056e5aa1ef050219d0372724e7c57f6f0,no mutually modified static blocks
voldemort,ea2f292134244ea1bed2b3b5775b3fb0d0a1f62b,no mutually modified static blocks
voldemort,72bfb73128cbb687ca1c7930958021a50b2b6b13,no mutually modified static blocks
voldemort,dbdf05c48bc3883d2c979b932688c013777c6163,no mutually modified static blocks
voldemort,a54a944c785da471d8e9f053b26e535dd88dd619,no mutually modified static blocks
voldemort,717153c5b522ea8bcae43b08af0b21f5c5247a44,no mutually modified static blocks
voldemort,2601ab713f842107e0d50c85231920f4ce75c142,no mutually modified static blocks
voldemort,955ea7f5f89c4833ed62d3797040df190cab5119,no mutually modified static blocks
voldemort,1860e5b1dcd4eac62de452f4cb484f1a1d231cbf,no mutually modified static blocks
voldemort,475b823172ca907cced8e851a9bb50c4faf0c5a5,no mutually modified static blocks
voldemort,ad0a6b220460ef3d2806d2e631588598a0b268a5,no mutually modified static blocks
voldemort,8fea16871b3e2a8ac0342128dacc0c3a6b0aec36,no mutually modified static blocks
voldemort,204f594d9dda101a7b80fa01dafe85beb46bbb36,no mutually modified static blocks
voldemort,6e128c00014e9691cebc89b4846155f26df70f6d,no mutually modified static blocks
voldemort,f6ce39527300b4fdf21a4c7d00d81994d69e1be8,no mutually modified static blocks
voldemort,988643f795a43d5b53cf672c1a6309d23e8505ed,no mutually modified static blocks
voldemort,26678f25ab4fb3c397f6d6b7790929c5bd61de0a,no mutually modified static blocks
voldemort,2f4f886a39e0ceb59caa209798547e82e62be138,no mutually modified static blocks
voldemort,b9d885faa6516c61e217928b62984a7d115d4add,no mutually modified static blocks
voldemort,52c3fa138c1c852cf15fb054b0aeef0edfb1f680,no mutually modified static blocks
voldemort,983dbd031b100b8a9bf5ccbff1901a666da34026,no mutually modified static blocks
voldemort,0b3ec800b3cc585304680fea15e4d4ecacca33d2,no mutually modified static blocks
voldemort,02513d5536743a46864de0d5b2c9e6a2469fd7cc,no mutually modified static blocks
voldemort,b01a8b2e5fa444da6733b3ac457e04908871ae3c,no mutually modified static blocks
voldemort,97e03a769c35a102189b762b7d058d477a25387e,no mutually modified static blocks
voldemort,5fc0321f83ac56788db23d992b9314ceea0c66fb,no mutually modified static blocks
voldemort,11693e285ca64e8486697338f30c1bb2433de194,no mutually modified static blocks
voldemort,8ac86e21df8e6d1b142bf85941435bd8cbe32e25,no mutually modified static blocks
voldemort,70fd0af4ba7932690ad34240b92774024a97b1a4,no mutually modified static blocks
voldemort,0c46f672d25479c46e9f5be10367da0966e6f69c,no mutually modified static blocks
voldemort,045adf6060dbe9062c40cb6bf9cb046c30c713d9,no mutually modified static blocks
voldemort,3f93110d9271126dfe0149b59f3f552357e94abe,no mutually modified static blocks
voldemort,e8672123ee99e998f6151ba559745cf3dfbf84e1,no mutually modified static blocks
voldemort,0f08b3cd413cfd287b670a2e29e3b4f9b4a6edd4,no mutually modified static blocks
voldemort,67942401e64232ce09052503ac9877c8fe707a7b,no mutually modified static blocks
voldemort,ed4306c2f254541278eacc95a400d7cef7f64bac,no mutually modified static blocks
voldemort,4dea7eb3ce91c450fabf5ee1590c2f437f4ad3ab,no mutually modified static blocks
voldemort,b46181471995a42b7c2c5a9f214bb693b5e3108e,no mutually modified static blocks
voldemort,1ea0b6a529ecf8fb77596fd2d64abf8292d2f3e0,no mutually modified static blocks
voldemort,3d6209ed648cdeacd4df3f7cdd970462a63b2b8b,no mutually modified static blocks
voldemort,57d028319e860fe162733071fd172f2d6384bd91,no mutually modified static blocks
voldemort,b7640a0ad38a10f06c0256ef211352f9f5f023f5,no mutually modified static blocks
voldemort,051ba547009d44e05472350c3c5eae6c3b3ad027,no mutually modified static blocks
voldemort,d4ed7f7b169a8ef45d185b384542f3bdf65d426e,no mutually modified static blocks
voldemort,b87a99f1af09c9fd9efe02cd06a83e769958a7c4,no mutually modified static blocks
voldemort,b6266cdebadf1c9b53440f62a35ef5ed333faa20,no mutually modified static blocks
voldemort,c9f259ac179661d0f4744854aa40f3ed14f3cb38,no mutually modified static blocks
voldemort,3a5713a56b3d5cfd333ff76bb6bc0d3ac8172e9d,no mutually modified static blocks
voldemort,23c9b2888891447daa5f3376d7935a9f3981a962,no mutually modified static blocks
voldemort,c45ab31e65ec7fd5fa854e87e87d48f83f3a5f4f,no mutually modified static blocks
voldemort,a4e1ba21fa6c6628528af81588046179e1950b36,no mutually modified static blocks
voldemort,be0f1a845a5c23532571f8f9cc998e17e2918a08,no mutually modified static blocks
voldemort,2e6afb2ee0583fba72d76f49d8e04a10b734f7a7,no mutually modified static blocks
voldemort,1f0db5f73a2b0cd4bcedc5e9077f201f038abfe3,no mutually modified static blocks
voldemort,9702607f6213cf072715080ff7e08eccb4fad3cc,no mutually modified static blocks
voldemort,d72e37fbaae213f01047cf9598e63b7c3f286848,no mutually modified static blocks
voldemort,bcf4b413b41005416449852f5610f9185a260bfc,no mutually modified static blocks
voldemort,b11123c7fbc570b38273f333027862dc828af828,no mutually modified static blocks
voldemort,01329de250e783510f78b6225e3f6199dcc6d83b,no mutually modified static blocks
voldemort,3ac79466607482b230458966beb5ba16570d0501,no mutually modified static blocks
voldemort,d58eff0cb0fcf1b0e5ca458d11207c52790ef869,no mutually modified static blocks
voldemort,8bea392a5ffd60b9928527e2789696bf1b9fb545,no mutually modified static blocks
voldemort,683873e458603c4a44c8eb152239dd3153db8969,no mutually modified static blocks
voldemort,8d6f4fadcea8333c562445912426226587b3312b,no mutually modified static blocks
voldemort,1065da5249c965ad7e523ebba8fce04900194b4e,no mutually modified static blocks
voldemort,1910a3ea2b146d707e2a35b4053c774129c8538e,no mutually modified static blocks
voldemort,17b18a02388a66c92cf360107aa0955dc062c234,no mutually modified static blocks
voldemort,6040ffcc5de204fabcf6094d1a404bb2f4a405a4,no mutually modified static blocks
voldemort,2f5deff40353761d74b4255847b138a1bc324af5,no mutually modified static blocks
voldemort,edb7cf51d30e98fe3af95b55bc577bddeff7d2f2,no mutually modified static blocks
voldemort,65b2b383dcb7a2b6fc61d91f0a764a3a1bd51124,no mutually modified static blocks
voldemort,6e2866c9f24072c3714c9083350c80a37dc767f3,no mutually modified static blocks
voldemort,e5a49a216badbe7bbc445ae94d48e653f23e488d,no mutually modified static blocks
voldemort,2b0bee611af6e4a49e854088cfd36f30e1dd7378,no mutually modified static blocks
voldemort,eb5dcb6e37dafec11eada9fed2aa315787c8f770,no mutually modified static blocks
voldemort,494d49bd1ff40d6f215c8257abb9b4a3fc61286c,no mutually modified static blocks
voldemort,ebcbd5c6020cfa953ee51176d7c45aeff5463a7c,no mutually modified static blocks
voldemort,aeb05f501d34ffd070fd09b7558347c58da8de7a,no mutually modified static blocks
voldemort,26ae5b949e1b8d8c1b3e5f23fcea22663540c277,no mutually modified static blocks
voldemort,77da329aa67bdefa11a8b3f93e74267dd9e80917,no mutually modified static blocks
voldemort,ede305cbce40467b5667f64609814a5c02233e0d,no mutually modified static blocks
voldemort,460e33d6a5de9ce6697c3b9d96c00edafd6f0217,no mutually modified static blocks
voldemort,706c88dec5656ccd56f2b5c892ec025e0f928222,no mutually modified static blocks
voldemort,6b04e45910bb84b841575d77e416157d9e174976,no mutually modified static blocks
voldemort,a1c9685e2a97a92b26c2926325e470bda89232dd,no mutually modified static blocks
voldemort,20e522e2048f2825d17dd5b34796bbc4478482a6,no mutually modified static blocks
voldemort,4c13d6ac8ee5717e65f3ed1a9f23eaa3d9973e6d,no mutually modified static blocks
voldemort,d07b2cdf0d6e80719cacbda8419cd2e237d84535,no mutually modified static blocks
voldemort,59459b29e05b47fc297e63e46dc4e1e2980ce62a,no mutually modified static blocks
voldemort,eb9c4f960969ec9a71a66a958da0e0ecd22e45c7,no mutually modified static blocks
voldemort,149eb6d540056d00f1aa011d1a13b19d94b6c91a,no mutually modified static blocks
voldemort,b9b300155f2eaacdac2e2ce795df470f2a4a6445,no mutually modified static blocks
voldemort,68bfff1cc76064eb0c71e35901ea175ad74fcad8,no mutually modified static blocks
voldemort,f748dd9a514fb29f62cc02f85892ea818cf47008,no mutually modified static blocks
voldemort,3e2c9de02c714e4a787b9d6d6d34119eefc42c56,no mutually modified static blocks
voldemort,4fa61a9b8212655300ab78a4fe0ef4c997337e1d,no mutually modified static blocks
voldemort,ed2489476d6d305f539a7523cc2a7941aed82868,no mutually modified static blocks
voldemort,89cadb49a81b8ce1a971757dd4e6cecff5855d08,no mutually modified static blocks
voldemort,5a26383aff3e510eca55efe9a106d65bbbb4efae,no mutually modified static blocks
voldemort,9aff7efc0be950218297aec60daad4fe88ea08fe,no mutually modified static blocks
voldemort,9365e1605e73764a3e435884872c4cb96ddb4454,no mutually modified static blocks
voldemort,e62c9ec3764925a1a87c9d4d9619817d96452550,no mutually modified static blocks
voldemort,c499c66a0e855529d6ad372e6e2cfef99dc43c9d,no mutually modified static blocks
voldemort,daa286ed4cc6c1d78072592a5b46abb092a8d655,no mutually modified static blocks
voldemort,371ae3b26d315d0abc80b79eb378da94e6a2088b,no mutually modified static blocks
voldemort,1f1d05f4e817dcdbd110f56b028ea341f933512b,no mutually modified static blocks
voldemort,c9af7b2ae895f0aee34a6fc9d0e3ae110ba230b4,no mutually modified static blocks
voldemort,0852fcb5b011eb91bfce62cb2617fe5c8ab36a8f,no mutually modified static blocks
voldemort,ae6df5e432eae7e172685166fe2b813ca51c9814,no mutually modified static blocks
voldemort,1486c164492ed83cc6a318d9cc0fa9b12503d49b,no mutually modified static blocks
voldemort,3ae51a0127aca8800ac8f27544cd2baa38d86464,no mutually modified static blocks
voldemort,3b6de909144d9379de0e250ca4f3fe0481937e99,no mutually modified static blocks
voldemort,0f9eda70fe40563c524931e852b1589a3b6e23a8,no mutually modified static blocks
voldemort,76b53ff04a40ae3afaad812df39d57664c2cc6e6,no mutually modified static blocks
voldemort,5bf107a36354280ad888feac0bc222a99a4f9711,no mutually modified static blocks
voldemort,4e90bb1586ba1a173ceda58b79b9cc0fc073cc6f,no mutually modified static blocks
voldemort,75922bcd32d81d0219d6d62fa42bf5ca8d107398,no mutually modified static blocks
voldemort,68feb27dec7e6940afa61f086fa311adb762a226,no mutually modified static blocks
voldemort,d5ad745f4ee7adcd2e484f18f25c48a650532644,no mutually modified static blocks
voldemort,807f833baa6c49cf00e770f4fe587ee90beda839,no mutually modified static blocks
voldemort,fa8abc461690a0f0d27e166acb813b528cd93f83,no mutually modified static blocks
voldemort,e05eaaff999cc2f063a8af2626e1ff2657b54de1,no mutually modified static blocks
voldemort,43f8921111208659bf7edbfd4385e21fc581c326,no mutually modified static blocks
voldemort,3b5c3c22538b7832dc4eda96c0f6747eb67dcfe2,no mutually modified static blocks
voldemort,ac7dfd098dbe1ffd661d53c1b18bf1c0e9f48612,no mutually modified static blocks
voldemort,9957276d96ba6e2f9bded3f90275fbb1809fb374,no mutually modified static blocks
voldemort,6e74d62a8e52f60cdfc5a2eefd49bf2306a7587c,no mutually modified static blocks
voldemort,66c832316ae93188b53b961fdd9fd8b15790397c,no mutually modified static blocks
voldemort,44f1162f18f79cebeb0a675247c21aa0e1850e90,no mutually modified static blocks
voldemort,286b29af8010ed0c01bf296fd1612b5b42d3acbb,no mutually modified static blocks
voldemort,89ef518074a4cc4c610120a435829665a495390d,no mutually modified static blocks
voldemort,af23673897bf1b41dd2a2279d71e73a6ce524e99,no mutually modified static blocks
voldemort,edd94e27f5d638de55ca6f6fe3f46d3172a46494,no mutually modified static blocks
voldemort,c65f149012d83e49e9a7cc3226358b877698ece1,no mutually modified static blocks
voldemort,7ac70defbfc1e71180a5404e00837a8bb45f4f83,no mutually modified static blocks
voldemort,d9d93c5fb6a8d60c085d18ba0d42e4753ea30d60,no mutually modified static blocks
voldemort,2db079513b2849316d17ddf5f251abb45fe52390,no mutually modified static blocks
voldemort,454597def7d70a549db89e2bba9c4809582d75d0,no mutually modified static blocks
voldemort,4e1c91177633e6f56b03a77bf2d6aa0cff20801d,no mutually modified static blocks
voldemort,4460aa6dfeec17a81178e19eae4135dbac446dc3,no mutually modified static blocks
voldemort,9e4ca1fefec45a30d6089e7c3087fd0eb7c454a4,no mutually modified static blocks
voldemort,36575a5fcedc8c1f32033b23c7a23d9584b7665b,no mutually modified static blocks
voldemort,bdc4b8e355d86adc87f528a86631a1dbcf73da6d,no mutually modified static blocks
voldemort,88bd65909b82b75247ce50f1f7cb12d3cd9e3c50,no mutually modified static blocks
voldemort,cf8adb6763183536c8bde50d29e6d03975cfdbfb,no mutually modified static blocks
voldemort,6c8e5e017f3e89a93beffd8a754dcc5d2024eaa7,no mutually modified static blocks
voldemort,1ec9e16e615d1b40919b1f19a53883572780ca2d,no mutually modified static blocks
voldemort,aa5715ceb76f00911da0975005c1f7b79d75584f,no mutually modified static blocks
voldemort,20c64972e460c19863cd70a522b97355ecd106de,no mutually modified static blocks
voldemort,8b21714c693bb971f075162d4bbbf24102600aae,no mutually modified static blocks
voldemort,3746ed76b0e0b25df8e687a17e2b7f0d1057317d,no mutually modified static blocks
voldemort,5aa085ece8038920a8264bafb8f78063d0194ca1,no mutually modified static blocks
voldemort,d1139be86192703a1c24204cde4133ce8dc8ea9f,no mutually modified static blocks
voldemort,4bff8027f67df7feb14edd48a82ffe980f6135aa,no mutually modified static blocks
voldemort,f0561023d2d7a2e9d6e920e71c674ab4a0b97da4,no mutually modified static blocks
voldemort,1f6a81745483ef62c654d09810749809563457ea,no mutually modified static blocks
voldemort,720be04cd0532a0ccf1471177aa36bb2ed1f94ae,no mutually modified static blocks
voldemort,2c25d84381f661833d9bbbb476fe155f253f39cd,no mutually modified static blocks
voldemort,e620f77898bc836a3c93871285b19cbf81cec45c,no mutually modified static blocks
voldemort,ddbba4da458264f7bdcbae30443321ca86a283d1,no mutually modified static blocks
voldemort,3fbd3d8411a8562fbbb868167d6ca1548e852d8c,no mutually modified static blocks
voldemort,caebc54db970b68146908f769a71cde06a812bbb,no mutually modified static blocks
voldemort,44f4a24c650ea2b805a699858115ed35e7ad9a48,no mutually modified static blocks
voldemort,9ece26ca6a638fa3e60f08197d2f3f481da6aae9,no mutually modified static blocks
voldemort,a7a33b41f1894614e79794dfc72edf8a3892550e,no mutually modified static blocks
voldemort,73f32a47e4e5460e57cb26f8cfa1d2d1d21c77a4,no mutually modified static blocks
voldemort,f68e3ba9b0c281a34d5ed93d994308cf126980d6,no mutually modified static blocks
voldemort,bfe1be7f707044f041beb0d9ed0e837edac2807e,no mutually modified static blocks
voldemort,6af8f35157f535a7cc27633599c635b96fe594e3,no mutually modified static blocks
voldemort,2925d6a14647a07890f831c4111571b00712b035,no mutually modified static blocks
voldemort,f1e5ec710bdd4d2df684932e6fe602133426c98f,no mutually modified static blocks
voldemort,22cc1d0fde86013c69a9da7e1fc6626b8dd7f3da,no mutually modified static blocks
voldemort,fe5614bea5b74ff403b13eab2b38167f0f492883,no mutually modified static blocks
voldemort,699360582e6a4931e6e0825de1de4884ef364bc6,no mutually modified static blocks
voldemort,e4a537d329f8e932750fc81385d5601a058d7895,no mutually modified static blocks
voldemort,1c8846a30b519b470bc5127e2e117c0c121bd414,no mutually modified static blocks
voldemort,15566568a5f6108c7096af2791618e77474cc03a,no mutually modified static blocks
voldemort,62278e2ea8c7725bdb380d65fc0256eaf318a15f,no mutually modified static blocks
voldemort,53a4c422cca2b50909dd95071fc36b0746c7f776,no mutually modified static blocks
voldemort,42f041942bd907a9243108948fa6995983895abf,no mutually modified static blocks
voldemort,09621045844f27142007fa0f00f94dc687e9714c,no mutually modified static blocks
voldemort,a217403fecbbd540e7536cb30cc4626eaf1ab97d,no mutually modified static blocks
voldemort,1c3f6735245467ab7aa1be3fcfc5e5c0e4b158c1,no mutually modified static blocks
voldemort,f3db691cf0c6cc347fcb1d6eb667d98ab308f29f,no mutually modified static blocks
voldemort,12848450acfd63ac4f44131264c345a858289125,no mutually modified static blocks
voldemort,d4e8ace265de9349749c7bf837dc6bc1a13b5dc8,no mutually modified static blocks
voldemort,f92875751e9219a2146074decbc741e2d83a1d11,no mutually modified static blocks
voldemort,86ea2b17a1a6f035cd30641388005eef5229d7fe,no mutually modified static blocks
voldemort,a647964a64c3cf1016aa8deacf7e723a46534850,no mutually modified static blocks
voldemort,1f704b90ad06cecfba0df3edb6d925f14352ffc0,no mutually modified static blocks
voldemort,b166e2c16c706c8efeef000f55def76bc46a1b6b,no mutually modified static blocks
voldemort,fa9f752695701156dfeb3c25558af6bd19a9c74a,no mutually modified static blocks
voldemort,f313532b52659f487983e1114606293c73883ab0,no mutually modified static blocks
voldemort,07b11458b509780b0191c2697f7592e631d9eb00,no mutually modified static blocks
voldemort,d1f50ea900d5217c09d3379909ad50dca592b05f,no mutually modified static blocks
voldemort,753c5525a167a47b25a592fa501ca0ecb6c48945,no mutually modified static blocks
voldemort,440665755931e91fa34735db34330d27512553d0,no mutually modified static blocks
voldemort,fb1f9d0a61cccc6ecfdc1b3937d4e47db8db2a1f,no mutually modified static blocks
voldemort,1cdbe4c5d7227f0dbeafa3acb191b2302d843bd9,no mutually modified static blocks
voldemort,e8b1c8d6775e0835863dd9a6a2d2230f86ee54f0,no mutually modified static blocks
voldemort,12a72ae97d065c089ff6d7ba388124d57d6e63c6,no mutually modified static blocks
voldemort,6cf1e0cce3b534814b093033a2e48174dc8050fd,no mutually modified static blocks
voldemort,edb84f614b08ceebe4bce963859dadd299505961,no mutually modified static blocks
voldemort,48b2bffbb0e6d8230dc0005700262df18b9e2203,no mutually modified static blocks
voldemort,7893dec6db580383dac05c2dbd7c375b11e0aab9,no mutually modified static blocks
voldemort,699f62b7d0572060df3c5e7017e1a9a87f41df81,no mutually modified static blocks
voldemort,a87680cca099e160e197e0e968a7d4363446684e,no mutually modified static blocks
voldemort,df8245286b29ea7a5807e699e7935a9dc048a086,no mutually modified static blocks
voldemort,d84f12e0a99bc1be34e150f124bb980138a22d00,no mutually modified static blocks
voldemort,70e06f1d128a41c019296bcbedd45ebf99c3c9da,no mutually modified static blocks
voldemort,3ae9933e7e71a58a602fd02c1cbfd21682808cb2,no mutually modified static blocks
voldemort,ab97723dc2045d3b4267838df239fae843770bd0,no mutually modified static blocks
voldemort,3b0211929c0c8be13cbf325e7aed303aaf916e1a,no mutually modified static blocks
voldemort,969bc6b4559c617126f031499871dd09311c86c7,no mutually modified static blocks
voldemort,95aab9fdb6ddeb845f5fcf86417d919cb3d19c0e,no mutually modified static blocks
voldemort,51284f24a7649a022e8e2c3b2475d16e471f9f1f,no mutually modified static blocks
voldemort,470f60ecfbc13f49b1979dc72a31084bfb185f7f,no mutually modified static blocks
voldemort,afae7fb3f4cbbfedd3732786c75f4a52c7381df9,no mutually modified static blocks
voldemort,4e4efde943fea822f5c7650abec78cba5a3be63d,no mutually modified static blocks
voldemort,52fc2ca3d9bd92b484b48d70197fc47c530c810e,no mutually modified static blocks
voldemort,9b1560027c72ff11d645b097531133795694e33b,no mutually modified static blocks
voldemort,d05fba17409b0c682ada9c8cd6747b8f91f27175,no mutually modified static blocks
voldemort,a0b1171b72c791219425aeced879d721a6a6ccf7,no mutually modified static blocks
voldemort,c4a4a0a48e9a5d3ce4d5796c8ce27a503f62bcb9,no mutually modified static blocks
voldemort,b2daa523a27ec0e977cc1e9ee81e971909852ba0,no mutually modified static blocks
voldemort,97f8adf98395abee0de8f9e40da6f13abb0d0615,no mutually modified static blocks
voldemort,2ba0a1c3b273c6716f8637848b457f1b3bb8357a,no mutually modified static blocks
voldemort,8667c2e1dc722ed8542af86854c03a99ef658f41,no mutually modified static blocks
voldemort,33d01196bced9bd1e01e4f9bdf70605c5eb08225,no mutually modified static blocks
voldemort,d6a50171f5a8561e5fa47aa9034bf1293ec6f8c9,no mutually modified static blocks
voldemort,15b5cc1bd943af19201fea9625a642d18500ee99,no mutually modified static blocks
voldemort,0bd1e96daf2ba02e361b8aa2a2280f2001ec6983,no mutually modified static blocks
voldemort,c5e1e4e6accfb8a0b8934f5dd31a02e51e149048,no mutually modified static blocks
voldemort,d18f0ce071c402ae09eb2b282331977194614e43,no mutually modified static blocks
voldemort,af8bca85cf339c8f57eddb69f0e949119eb99189,no mutually modified static blocks
voldemort,68146711094a1da5717857f181784926c1e6b9a6,no mutually modified static blocks
voldemort,97ddd2b65b6c4f525af8aa2d1c5986b0f368e5ad,no mutually modified static blocks
voldemort,5d4c5d0d603d43a9d5ae58949c7a0873dca888f2,no mutually modified static blocks
voldemort,58df0dde2af2b94df3bc4e46d6240b56203d3aa5,no mutually modified static blocks
voldemort,c9bec07b51e928efac16d4f5db21875c07c51dba,no mutually modified static blocks
voldemort,f303007985f2e12e618bc9a99b17b82be77208a2,no mutually modified static blocks
voldemort,9c8e0119ba0e0114b0f2dd114e0e7337690df2f6,no mutually modified static blocks
voldemort,bb6064a6881c315befe238363e590e6d225ac07c,no mutually modified static blocks
voldemort,79f45c22723428180539072d5191b19d86650b74,no mutually modified static blocks
voldemort,8a1a06832d9a57560c141fe15257bdfc9c58dc81,no mutually modified static blocks
voldemort,18236fed4fcbf5544d5fcfda57717504a1ff8493,no mutually modified static blocks
voldemort,3f9cb465ff523237fc805221272a03fad4c97d21,no mutually modified static blocks
voldemort,72a09c02c33022a234a699319dfc4a94d07d0d85,no mutually modified static blocks
voldemort,99fa79ab45e5d24ef749d8da42bce67a7dec6fc9,no mutually modified static blocks
voldemort,a9309e810ab49c3e3e7355a118f492b5b5dba1e5,no mutually modified static blocks
voldemort,c63b07261c9e4fe81020f66478aafda277cea424,no mutually modified static blocks
voldemort,892758d04a38ea4091ab448614138e39ed6fa007,no mutually modified static blocks
voldemort,ab9b1220eec754870a6a2c654132883e014e9007,no mutually modified static blocks
voldemort,f8bc8678448df9ae95e4fa52315ed88f50271fca,no mutually modified static blocks
voldemort,127e4071e7aa0c020f4a2f1e21323543aa4309b6,no mutually modified static blocks
voldemort,472b3e35c07b66d213f454bdc108a6044eda8949,no mutually modified static blocks
voldemort,adeef976bc37a2ac047f35e51eed72e0bd3bef7c,no mutually modified static blocks
voldemort,210c546cfcc1f44964903689d83f6619361f8e51,no mutually modified static blocks
voldemort,3d1c22f7ffeb7dd091a3e8c0b431e7bd69b49f8e,no mutually modified static blocks
voldemort,0de3d054a796123dbefe8bc4ee91188a849cafc2,no mutually modified static blocks
voldemort,948644d77b8988f39184cd86456ab087a4652c4b,no mutually modified static blocks
voldemort,7d91b0a1a3dc24096dbfe1526f8a15d1e5a2bbe5,no mutually modified static blocks
voldemort,71c29d0a7fe2ff14fbcd0630a70e4a62ae01644d,no mutually modified static blocks
voldemort,a8c71ea1686ac82fc58490bca00ff8f7f63592b0,no mutually modified static blocks
voldemort,7fa3e0678e7576387051d4e344e35645033a8b53,no mutually modified static blocks
voldemort,3d5385198e6c7ab5ff1e36c0a46903e2624a425a,no mutually modified static blocks
voldemort,3f736d7300e8c80706894b96171f2ceaf85b8a03,no mutually modified static blocks
voldemort,a00c5d3c423498121eebf4094b319f92befbedd6,no mutually modified static blocks
voldemort,e7dc90a3e5c729a20388e91faa6d0de20ae06aa8,no mutually modified static blocks
voldemort,4c9eedaea211b85344e4b8bb565f90e4c49cd13d,no mutually modified static blocks
voldemort,2efb591f3204590902a5d758dccb77cfd6a2eba7,no mutually modified static blocks
voldemort,a180f39eb1ed1aa9e86f1bed160acc8e905161c8,no mutually modified static blocks
voldemort,509707414db16278781d95ea3e9a215152db238f,no mutually modified static blocks
voldemort,2753c1c3075435711c1578a3464dfc5eb32ca219,no mutually modified static blocks
voldemort,96a85cd851c1653134910e1ccff973be02dfc586,no mutually modified static blocks
voldemort,edd8701d204e88993e959f884b84fb95bd6e9cb2,no mutually modified static blocks
voldemort,b960ac2c828b2500708b37d376ee512ec15b2ade,no mutually modified static blocks
voldemort,ffb58fbd850c61299545fb4353a0f7cefd632a99,no mutually modified static blocks
voldemort,777a1298bc1bd4f9c2ac8787c95c9a42e1cac5d5,no mutually modified static blocks
voldemort,901c5342a3bebf314672c821e9e7bede2ac15b94,no mutually modified static blocks
voldemort,2672d7afbbb54c246de9999c147747e88d7a0afe,no mutually modified static blocks
voldemort,4e03afb1b6d71015cc48409ecdc04737110f92dc,no mutually modified static blocks
voldemort,869c49d8e9f1fe370119a87a4a6a1b88a5384828,no mutually modified static blocks
voldemort,b7b34ff36dfb5ed189ac5eeb00f61dc0bc85f970,no mutually modified static blocks
voldemort,5983d90dda6ab2b389b37338b16a1cedc2ad5f71,no mutually modified static blocks
voldemort,1b9b249f43bd90caefed24c393ace6c086b72ddf,no mutually modified static blocks
voldemort,fbc95de4c2cd6413fb235285a7063b1df00ce48e,no mutually modified static blocks
voldemort,0f8e0836957e523c72214dd962f9e184ae159955,no mutually modified static blocks
voldemort,23a3888e1b40ec25b39c7bc2741b8047e6ee374e,no mutually modified static blocks
voldemort,e70d73e5e101553d1bd3e086b1277ca700e12559,no mutually modified static blocks
voldemort,a349dc2661b083652183c2d54eeee838d39135c2,no mutually modified static blocks
