project;timeStamp
realm-java;3,208
realm-java;4,228
realm-java;3,273
realm-java;3,085
realm-java;3,036
realm-java;2,242
realm-java;2,212
realm-java;2,182
realm-java;2,298
realm-java;2,257
realm-java;0,649
realm-java;0,649
realm-java;0,663
realm-java;0,654
realm-java;0,649
realm-java;0,648
realm-java;0,668
realm-java;0,65
realm-java;0,67
realm-java;0,666
realm-java;0,669
realm-java;0,674
realm-java;0,677
realm-java;0,672
realm-java;0,664
realm-java;3,39
realm-java;3,428
realm-java;3,364
realm-java;3,04
realm-java;2,825
realm-java;0,54
realm-java;0,571
realm-java;0,579
realm-java;0,627
realm-java;0,609
realm-java;0,613
realm-java;0,57
realm-java;0,608
realm-java;0,562
realm-java;0,585
realm-java;0,482
realm-java;0,485
realm-java;0,456
realm-java;0,477
realm-java;0,458
realm-java;0,492
realm-java;0,499
realm-java;0,497
realm-java;0,485
realm-java;0,499
realm-java;1,388
realm-java;1,478
realm-java;1,549
realm-java;1,401
realm-java;1,374
realm-java;1,392
realm-java;1,286
realm-java;1,36
realm-java;1,368
realm-java;1,384
realm-java;2,572
realm-java;2,535
realm-java;2,513
realm-java;2,849
realm-java;2,547
realm-java;0,568
realm-java;0,654
realm-java;0,589
realm-java;0,592
realm-java;0,61
realm-java;2,623
realm-java;2,561
realm-java;2,53
realm-java;2,53
realm-java;2,511
realm-java;0,575
realm-java;0,598
realm-java;0,591
realm-java;0,619
realm-java;0,607
realm-java;2,488
realm-java;2,499
realm-java;2,44
realm-java;2,469
realm-java;2,431
realm-java;2,319
realm-java;2,229
realm-java;2,217
realm-java;2,234
realm-java;2,445
realm-java;0,587
realm-java;0,606
realm-java;0,594
realm-java;0,589
realm-java;0,611
realm-java;2,822
realm-java;2,698
realm-java;2,2
realm-java;2,205
realm-java;2,17
realm-java;1,926
realm-java;1,893
realm-java;1,9
realm-java;1,85
realm-java;1,895
realm-java;0,53
realm-java;0,52
realm-java;0,522
realm-java;0,571
realm-java;0,541
realm-java;0,532
realm-java;0,533
realm-java;0,52
realm-java;0,536
realm-java;0,536
realm-java;0,535
realm-java;0,536
realm-java;0,563
realm-java;0,568
realm-java;0,716
realm-java;2,78
realm-java;2,871
realm-java;2,738
realm-java;2,795
realm-java;2,742
realm-java;0,554
realm-java;0,55
realm-java;0,578
realm-java;0,583
realm-java;0,563
realm-java;0,61
realm-java;0,579
realm-java;0,645
realm-java;0,585
realm-java;0,588
realm-java;0,496
realm-java;0,466
realm-java;0,469
realm-java;0,459
realm-java;0,472
realm-java;0,499
realm-java;0,496
realm-java;0,488
realm-java;0,503
realm-java;0,487
realm-java;1,369
realm-java;1,436
realm-java;1,386
realm-java;1,36
realm-java;1,407
realm-java;1,418
realm-java;1,376
realm-java;1,374
realm-java;1,352
realm-java;1,348
realm-java;2,607
realm-java;2,569
realm-java;2,485
realm-java;2,507
realm-java;2,467
realm-java;0,57
realm-java;0,599
realm-java;0,611
realm-java;0,619
realm-java;0,623
realm-java;2,713
realm-java;2,589
realm-java;2,512
realm-java;2,485
realm-java;2,511
realm-java;0,584
realm-java;0,574
realm-java;0,613
realm-java;0,583
realm-java;0,584
realm-java;2,481
realm-java;2,319
realm-java;2,408
realm-java;2,448
realm-java;2,395
realm-java;2,276
realm-java;2,276
realm-java;2,26
realm-java;2,252
realm-java;2,26
realm-java;0,569
realm-java;0,59
realm-java;0,606
realm-java;0,606
realm-java;0,592
realm-java;0,595
realm-java;0,616
realm-java;0,601
realm-java;0,604
realm-java;0,586
realm-java;0,474
realm-java;0,499
realm-java;0,471
realm-java;0,491
realm-java;0,467
realm-java;0,542
realm-java;0,548
realm-java;0,536
realm-java;0,557
realm-java;0,53
realm-java;0,533
realm-java;0,586
realm-java;0,525
realm-java;0,537
realm-java;0,537
realm-java;3,231
realm-java;3,16
realm-java;3,065
realm-java;3,141
realm-java;3,154
realm-java;3,234
realm-java;3,204
realm-java;3,126
realm-java;3,498
realm-java;3,121
realm-java;3,221
realm-java;3,413
realm-java;3,179
realm-java;3,134
realm-java;3,177
realm-java;3,149
realm-java;3,148
realm-java;3,05
realm-java;3,222
realm-java;3,133
realm-java;3,207
realm-java;3,24
realm-java;3,202
realm-java;3,181
realm-java;3,141
realm-java;3,107
realm-java;3,1
realm-java;3,148
realm-java;3,102
realm-java;3,127
realm-java;3,164
realm-java;3,12
realm-java;3,131
realm-java;3,052
realm-java;3,099
realm-java;3,228
realm-java;3,165
realm-java;3,093
realm-java;3,147
realm-java;3,175
realm-java;3,111
realm-java;3,808
realm-java;3,182
realm-java;3,136
realm-java;3,11
realm-java;3,414
realm-java;3,363
realm-java;3,274
realm-java;3,295
realm-java;3,297
realm-java;3,288
realm-java;3,269
realm-java;3,253
realm-java;3,408
realm-java;3,346
realm-java;3,108
realm-java;3,127
realm-java;3,09
realm-java;2,991
realm-java;3,053
realm-java;3,078
realm-java;3,189
realm-java;3,017
realm-java;3,042
realm-java;3,005
realm-java;3,293
realm-java;3,498
realm-java;3,277
realm-java;3,269
realm-java;3,295
realm-java;3,099
realm-java;3,177
realm-java;3,057
realm-java;3,044
realm-java;3,056
realm-java;3,145
realm-java;3,068
realm-java;3,078
realm-java;3,205
realm-java;3,047
realm-java;3,257
realm-java;3,079
realm-java;3,161
realm-java;3,102
realm-java;3,098
realm-java;3,099
realm-java;3,089
realm-java;3,009
realm-java;3,007
realm-java;2,989
realm-java;3,909
realm-java;3,185
realm-java;3,441
realm-java;3,106
realm-java;3,246
realm-java;3,48
realm-java;3,31
realm-java;3,299
realm-java;3,289
realm-java;3,266
realm-java;3,445
realm-java;3,244
realm-java;5,079
realm-java;3,391
realm-java;3,146
realm-java;3,261
realm-java;3,173
realm-java;3,073
realm-java;3,104
realm-java;3,139
realm-java;3,384
realm-java;3,405
realm-java;3,278
realm-java;3,631
realm-java;3,342
realm-java;2,828
realm-java;2,86
realm-java;2,77
realm-java;2,826
realm-java;2,827
realm-java;3,246
realm-java;2,945
realm-java;2,851
realm-java;2,748
realm-java;2,749
realm-java;2,644
realm-java;2,697
realm-java;2,663
realm-java;2,626
realm-java;2,683
realm-java;3,472
realm-java;3,491
realm-java;2,938
realm-java;2,597
realm-java;2,702
realm-java;2,907
realm-java;2,956
realm-java;3,208
realm-java;3,189
realm-java;2,934
realm-java;2,97
realm-java;2,912
realm-java;2,929
realm-java;2,862
realm-java;2,878
realm-java;2,678
realm-java;2,704
realm-java;2,61
realm-java;2,564
realm-java;2,582
realm-java;2,813
realm-java;2,807
realm-java;2,937
realm-java;2,841
realm-java;2,921
realm-java;3,22
realm-java;3,367
realm-java;3,141
realm-java;3,123
realm-java;3,174
realm-java;2,809
realm-java;2,9
realm-java;2,845
realm-java;2,859
realm-java;2,812
realm-java;2,812
realm-java;2,939
realm-java;2,78
realm-java;2,844
realm-java;2,801
realm-java;2,508
realm-java;2,463
realm-java;2,4
realm-java;2,402
realm-java;2,386
realm-java;2,482
realm-java;2,464
realm-java;2,398
realm-java;2,433
realm-java;2,408
realm-java;2,271
realm-java;2,395
realm-java;2,301
realm-java;2,297
realm-java;2,319
realm-java;2,884
realm-java;2,634
realm-java;2,701
realm-java;2,941
realm-java;2,674
realm-java;2,372
realm-java;2,442
realm-java;2,412
realm-java;2,413
realm-java;2,415
realm-java;2,375
realm-java;2,48
realm-java;2,448
realm-java;2,419
realm-java;2,368
realm-java;0,572
realm-java;0,567
realm-java;0,565
realm-java;0,556
realm-java;0,575
realm-java;2,228
realm-java;2,271
realm-java;2,257
realm-java;2,247
realm-java;2,283
realm-java;2,219
realm-java;2,218
realm-java;2,211
realm-java;2,321
realm-java;2,216
realm-java;0,544
realm-java;0,531
realm-java;0,561
realm-java;0,549
realm-java;0,519
realm-java;4,657
realm-java;2,354
realm-java;2,608
realm-java;2,505
realm-java;2,494
realm-java;2,2
realm-java;2,123
realm-java;2,082
realm-java;2,061
realm-java;2,104
realm-java;3,168
realm-java;3,016
realm-java;3,037
realm-java;2,99
realm-java;3,047
realm-java;2,673
realm-java;2,61
realm-java;2,529
realm-java;2,55
realm-java;2,516
realm-java;2,706
realm-java;2,53
realm-java;2,466
realm-java;2,53
realm-java;2,637
realm-java;2,481
realm-java;2,628
realm-java;2,195
realm-java;2,228
realm-java;2,259
realm-java;13,303
realm-java;5,188
realm-java;3,914
realm-java;6,014
realm-java;2,859
realm-java;2,269
realm-java;7,39
realm-java;9,253
realm-java;2,951
realm-java;5,001
realm-java;2,72
realm-java;2,47
realm-java;2,28
realm-java;2,356
realm-java;2,328
realm-java;2,296
realm-java;2,185
realm-java;2,121
realm-java;2,091
realm-java;2,116
realm-java;1,845
realm-java;2,242
realm-java;2,435
realm-java;2,593
realm-java;2,73
realm-java;1,758
realm-java;1,831
realm-java;1,967
realm-java;2,598
realm-java;2,594
realm-java;1,889
realm-java;1,952
realm-java;1,893
realm-java;1,825
realm-java;1,83
realm-java;2,76
realm-java;2,656
realm-java;2,544
realm-java;2,544
realm-java;2,591
realm-java;1,786
realm-java;1,831
realm-java;1,804
realm-java;2,429
realm-java;2,67
realm-java;1,895
realm-java;1,928
realm-java;1,882
realm-java;1,902
realm-java;2,032
realm-java;1,91
realm-java;2,276
realm-java;2,319
realm-java;2,311
realm-java;2,374
realm-java;1,959
realm-java;2,626
realm-java;2,753
realm-java;2,627
realm-java;2,661
realm-java;3,062
realm-java;2,657
realm-java;2,507
realm-java;2,517
realm-java;2,504
